GSM_code,coordinates
Kaw_15,"(35.576196, 139.619901)"
Kaw_66,"(35.781177, 140.082212)"
Kaw_77,"(35.847433, 139.480630)"
Fuk_18,"(33.677155, 129.894256)"
Kob_09,"(34.730577, 135.655829)"
Yok_35,"(35.653320, 139.341929)"
Sai_57,"(35.872360, 139.592056)"
Tok_83,"(35.910524, 139.725150)"
Kob_83,"(34.459662, 135.632094)"
Sap_09,"(43.366303, 140.954976)"
Nag_56,"(35.180788, 137.161970)"
Osa_33,"(35.124313, 135.432203)"
Kyo_44,"(34.946606, 136.215608)"
Osa_44,"(34.670425, 135.275402)"
Kob_18,"(34.457585, 135.017383)"
Sap_16,"(43.249413, 141.573576)"
Fuk_43,"(34.104924, 130.775843)"
Tok_52,"(35.499440, 139.576281)"
Yok_82,"(35.173548, 139.744878)"
Kaw_60,"(35.187586, 139.270290)"
Kob_41,"(34.623984, 134.937822)"
Kaw_22,"(35.271417, 139.375008)"
Kaw_55,"(35.608152, 139.541424)"
Nag_43,"(35.213434, 137.271786)"
Kaw_73,"(36.009959, 139.935953)"
Kaw_62,"(35.375242, 139.632469)"
Kob_98,"(35.061440, 135.509217)"
Sai_59,"(36.178548, 139.755990)"
Fuk_03,"(33.755606, 130.460079)"
Sap_83,"(42.805149, 141.127740)"
Yok_20,"(35.770012, 139.911134)"
Kyo_48,"(35.171035, 135.550354)"
Sap_36,"(43.156925, 141.193114)"
Kaw_57,"(35.410676, 139.469432)"
Sai_17,"(35.993219, 139.330718)"
Yok_28,"(35.180711, 140.084712)"
Fuk_54,"(33.902911, 130.334918)"
Fuk_63,"(34.005464, 130.514256)"
Kob_74,"(34.326468, 135.571770)"
Yok_99,"(35.030989, 140.126021)"
Fuk_94,"(33.217016, 130.457138)"
Fuk_98,"(33.449800, 130.276655)"
Kyo_93,"(34.811132, 136.003070)"
Sai_31,"(35.608626, 139.984156)"
Nag_78,"(35.206160, 136.571603)"
Sai_53,"(35.430417, 139.987958)"
Sap_94,"(42.995967, 141.201519)"
Nag_58,"(35.280584, 137.292141)"
Sai_06,"(35.490474, 139.721472)"
Sap_38,"(43.644536, 141.827470)"
Tok_29,"(36.158024, 139.454641)"
Tok_30,"(36.083512, 139.565716)"
Fuk_89,"(33.470612, 129.980477)"
Kaw_44,"(35.623376, 140.089248)"
Osa_93,"(34.836630, 135.499814)"
Osa_66,"(34.681428, 135.729860)"
Kob_01,"(34.792594, 135.118287)"
Kob_47,"(34.803692, 134.781565)"
Sap_61,"(42.681303, 140.947536)"
Yok_80,"(35.267830, 139.378365)"
Sai_40,"(35.730753, 140.009031)"
Kaw_35,"(35.833132, 139.258974)"
Osa_55,"(35.182327, 135.242480)"
Nag_38,"(35.467348, 137.233268)"
Fuk_21,"(34.042555, 130.229474)"
Kob_72,"(34.289229, 135.460698)"
Sai_66,"(36.354707, 140.042012)"
Kaw_93,"(35.932069, 139.275490)"
Kyo_66,"(35.113548, 135.340924)"
Yok_37,"(35.590121, 139.445135)"
Kob_63,"(34.805979, 135.407028)"
Sai_64,"(35.373079, 139.430723)"
Sap_41,"(43.548142, 141.209626)"
Nag_63,"(34.995742, 137.069168)"
Fuk_81,"(33.502774, 130.587515)"
Osa_59,"(34.380625, 135.431704)"
Nag_90,"(35.162332, 137.388277)"
Tok_54,"(35.641391, 140.151000)"
Kyo_46,"(34.910045, 135.412179)"
Sai_71,"(35.969914, 139.260879)"
Tok_41,"(35.801010, 139.740576)"
Kaw_11,"(35.878199, 139.912523)"
Osa_82,"(34.998294, 135.405948)"
Sap_58,"(43.276036, 141.090306)"
Kyo_64,"(35.510393, 135.953628)"
Sai_93,"(35.947469, 140.015920)"
Tok_16,"(35.810867, 139.437626)"
Yok_93,"(35.831650, 139.696208)"
Fuk_16,"(33.727317, 130.563271)"
Nag_85,"(34.737556, 136.740599)"
Kyo_99,"(35.131881, 135.300894)"
Fuk_70,"(33.305839, 130.231098)"
Sap_89,"(43.332981, 141.430805)"
Sai_51,"(36.113864, 139.642073)"
Kob_36,"(34.655935, 135.026663)"
Fuk_47,"(33.800610, 129.925821)"
Sap_21,"(43.148590, 141.866302)"
Yok_68,"(35.134068, 140.148657)"
Osa_75,"(34.807340, 135.608173)"
Osa_60,"(34.540472, 135.877369)"
Sai_33,"(36.214210, 139.987289)"
Nag_34,"(35.499187, 136.822385)"
Tok_36,"(35.571103, 139.853480)"
Kob_70,"(35.137885, 135.418845)"
Kyo_62,"(35.248122, 136.213461)"
Sap_03,"(43.153390, 141.074112)"
Kaw_46,"(35.099348, 139.362756)"
Kaw_40,"(35.374617, 140.196726)"
Tok_58,"(35.274628, 139.586705)"
Tok_63,"(36.172551, 140.182460)"
Kyo_11,"(34.741357, 135.705271)"
Osa_24,"(34.663069, 135.295429)"
Sai_11,"(36.180995, 139.789493)"
Sai_42,"(36.051676, 139.374298)"
Yok_06,"(35.768477, 139.480177)"
Sap_52,"(43.327899, 141.228572)"
Sai_77,"(36.129194, 139.452102)"
Kaw_59,"(35.360923, 139.428824)"
Nag_18,"(35.473380, 137.139071)"
Kyo_86,"(35.300184, 135.639832)"
Osa_02,"(34.973943, 135.563763)"
Sap_90,"(42.841339, 141.720241)"
Sap_70,"(43.383813, 141.010695)"
Kaw_84,"(35.822379, 139.627182)"
Kaw_08,"(35.692041, 139.996650)"
Sai_44,"(36.112021, 139.720761)"
Sap_23,"(43.461268, 141.544251)"
Kaw_06,"(35.300802, 140.115367)"
Yok_33,"(35.827192, 140.178483)"
Tok_10,"(36.063299, 139.449254)"
Yok_44,"(35.580221, 139.374499)"
Nag_25,"(35.259794, 137.203027)"
Osa_68,"(34.700309, 135.417403)"
Fuk_09,"(33.813056, 130.076318)"
Kob_58,"(34.943237, 134.921392)"
Yok_71,"(35.043381, 139.550149)"
Sai_19,"(35.426964, 139.280678)"
Fuk_49,"(33.235310, 130.521786)"
Kyo_91,"(34.750273, 136.053605)"
Tok_96,"(35.443076, 139.768849)"
Kaw_80,"(35.141294, 139.963569)"
Kob_07,"(34.893961, 134.908998)"
Nag_23,"(35.158515, 136.742922)"
Fuk_61,"(33.463893, 130.807003)"
Osa_31,"(35.062052, 135.504377)"
Sap_56,"(42.814545, 141.548940)"
Osa_37,"(34.699983, 135.913200)"
Sai_79,"(35.947854, 139.591993)"
Kaw_53,"(35.095007, 139.353741)"
Sai_08,"(35.855114, 139.728485)"
Fuk_90,"(33.710792, 130.700384)"
Fuk_41,"(33.325761, 130.409972)"
Nag_32,"(35.377528, 136.591122)"
Kob_14,"(34.312361, 135.643203)"
Kyo_26,"(34.665275, 135.648417)"
Kaw_28,"(35.984138, 139.268899)"
Kyo_15,"(34.927151, 135.793386)"
Osa_28,"(34.629706, 135.581944)"
Tok_76,"(36.055231, 140.061804)"
Kyo_68,"(35.194649, 135.567746)"
Kaw_79,"(35.550898, 139.579992)"
Kob_89,"(34.369831, 135.591841)"
Yok_48,"(35.311526, 139.331614)"
Kob_65,"(34.614844, 135.183096)"
Osa_80,"(35.096462, 135.711930)"
Osa_35,"(34.550217, 135.747610)"
Kyo_88,"(35.057212, 135.530243)"
Tok_92,"(36.106229, 139.226962)"
Fuk_92,"(33.693288, 130.714227)"
Osa_15,"(34.350505, 135.774016)"
Tok_07,"(35.572621, 139.386975)"
Sai_37,"(35.740236, 139.201349)"
Kyo_22,"(34.785071, 135.590120)"
Kaw_02,"(35.144406, 139.820624)"
Osa_62,"(35.163600, 135.266507)"
Kob_67,"(34.686845, 135.053786)"
Yok_62,"(35.195598, 139.860937)"
Kaw_39,"(35.905354, 140.074156)"
Sap_67,"(42.929382, 141.388309)"
Sai_48,"(35.700041, 140.056285)"
Nag_16,"(34.724745, 137.281142)"
Kyo_51,"(34.752124, 135.309716)"
Sai_24,"(35.426520, 139.394527)"
Nag_36,"(34.934294, 137.070544)"
Tok_81,"(35.584250, 140.124924)"
Tok_47,"(35.945960, 139.338912)"
Tok_61,"(35.406368, 139.799631)"
Yok_55,"(35.661794, 139.647968)"
Nag_41,"(35.383080, 137.315889)"
Kyo_80,"(34.926802, 136.218829)"
Sap_98,"(43.386686, 141.617454)"
Osa_48,"(35.193847, 135.316521)"
Tok_09,"(35.722742, 140.145116)"
Kob_76,"(34.362081, 134.739788)"
Sai_88,"(36.072073, 139.868170)"
Nag_05,"(34.834414, 136.671624)"
Kaw_20,"(35.239602, 139.258913)"
Fuk_29,"(33.731920, 130.807442)"
Kyo_37,"(35.069335, 135.319021)"
Kob_92,"(34.674293, 134.947444)"
Yok_51,"(35.316691, 140.047997)"
Kob_32,"(34.610345, 134.979401)"
Sai_91,"(36.061656, 139.711187)"
Kyo_31,"(35.395545, 135.637789)"
Kob_69,"(34.569187, 135.289285)"
Fuk_65,"(33.182926, 130.680516)"
Yok_97,"(35.117492, 140.244256)"
Kob_21,"(34.403737, 134.811224)"
Tok_45,"(35.567652, 139.312606)"
Kyo_59,"(35.407098, 135.555417)"
Yok_02,"(35.612453, 139.916243)"
Kaw_04,"(35.353665, 140.053469)"
Osa_00,"(34.792836, 135.026752)"
Yok_66,"(35.572106, 139.751979)"
Kaw_17,"(35.441202, 139.838194)"
Sai_75,"(35.892428, 139.998732)"
Kob_27,"(34.207537, 135.476846)"
Sap_49,"(42.920134, 141.846541)"
Sai_68,"(35.469989, 139.184304)"
Nag_98,"(35.381743, 136.534519)"
Kyo_00,"(34.881073, 135.802591)"
Sap_01,"(43.136108, 141.024963)"
Fuk_27,"(33.831359, 129.942299)"
Kob_45,"(34.918188, 135.297343)"
Kyo_17,"(34.924179, 135.879375)"
Kob_34,"(34.258847, 135.441804)"
Sai_62,"(35.667912, 139.720641)"
Yok_75,"(35.218087, 139.734792)"
Tok_05,"(35.489090, 139.797356)"
Nag_89,"(35.224926, 137.078143)"
Sai_20,"(36.360882, 139.721569)"
Fuk_50,"(33.696605, 130.697018)"
Osa_51,"(35.152466, 135.626114)"
Tok_21,"(36.069841, 139.293835)"
Nag_69,"(35.470255, 137.198775)"
Tok_78,"(35.311079, 139.611009)"
Nag_61,"(35.541285, 136.915279)"
Tok_89,"(35.799804, 139.881126)"
Osa_99,"(34.774067, 135.081653)"
Kyo_35,"(35.481401, 135.975689)"
Sap_85,"(42.696520, 140.986589)"
Kyo_60,"(34.994696, 135.331555)"
Nag_74,"(35.217189, 136.858324)"
Fuk_69,"(33.933144, 130.470702)"
Tok_72,"(35.925441, 139.863867)"
Osa_26,"(34.592567, 135.640313)"
Kaw_42,"(35.326513, 139.201603)"
Fuk_85,"(33.391363, 130.002939)"
Nag_10,"(35.116458, 136.994898)"
Tok_90,"(35.783280, 140.112204)"
Kob_61,"(34.797779, 135.658748)"
Kob_43,"(35.183705, 134.760205)"
Tok_49,"(35.299983, 139.231497)"
Osa_73,"(34.702439, 135.613624)"
Fuk_67,"(33.509051, 130.854274)"
Nag_67,"(35.600416, 137.383373)"
Osa_39,"(35.090291, 135.341029)"
Yok_26,"(35.823476, 139.733238)"
Kyo_06,"(35.468750, 135.820419)"
Yok_24,"(35.228339, 140.135554)"
Fuk_72,"(33.481743, 130.021766)"
Tok_69,"(35.797713, 139.972937)"
Nag_87,"(35.681034, 136.598764)"
Kyo_20,"(34.816701, 135.346923)"
Nag_47,"(34.872332, 137.151310)"
Kyo_79,"(34.582018, 135.678686)"
Kaw_97,"(36.037335, 139.851790)"
Sai_86,"(35.679461, 140.026141)"
Tok_27,"(35.600128, 139.859678)"
Kaw_95,"(35.532238, 139.536702)"
Kyo_77,"(34.658701, 135.579682)"
Kyo_28,"(35.158924, 136.062036)"
Tok_14,"(35.876479, 140.087381)"
Kyo_33,"(34.801049, 135.851211)"
Sap_12,"(43.578748, 141.093100)"
Nag_21,"(34.959847, 136.449121)"
Kyo_39,"(35.427859, 136.124189)"
Osa_53,"(34.254934, 135.167512)"
Kob_90,"(34.949318, 135.624352)"
Kyo_97,"(34.610775, 135.800849)"
Tok_25,"(35.315383, 139.706368)"
Fuk_78,"(33.247966, 130.012066)"
Nag_01,"(34.777055, 136.936601)"
Yok_08,"(35.366177, 140.154645)"
Sap_47,"(43.084951, 140.910643)"
Fuk_38,"(33.331885, 130.512674)"
Yok_59,"(35.243480, 140.123713)"
Fuk_87,"(33.534870, 130.266493)"
Kob_25,"(34.722078, 134.706780)"
Kob_78,"(34.324173, 135.274856)"
Osa_95,"(34.706183, 135.456113)"
Sap_50,"(43.519023, 141.725510)"
Fuk_30,"(33.978014, 129.857301)"
Sai_26,"(36.302532, 139.456942)"
Kaw_71,"(35.755244, 140.021050)"
Sap_92,"(42.944516, 141.465646)"
Nag_83,"(34.702338, 137.176887)"
Yok_17,"(35.535283, 139.345249)"
Tok_70,"(35.940204, 140.032983)"
Fuk_01,"(33.336149, 130.169910)"
Sap_10,"(42.944762, 141.868940)"
Kyo_95,"(34.918216, 136.176405)"
Kob_52,"(34.508058, 134.751357)"
Tok_32,"(35.346624, 139.309333)"
Osa_64,"(34.275234, 135.187631)"
Osa_42,"(34.401202, 135.458180)"
Sai_04,"(35.658874, 139.716111)"
Fuk_96,"(33.371833, 130.200315)"
Nag_45,"(35.274867, 137.362700)"
Nag_76,"(35.323908, 136.891443)"
Sai_28,"(35.472011, 139.821362)"
Sai_97,"(36.050589, 139.545364)"
Sap_07,"(42.781305, 141.232609)"
Kob_30,"(34.431974, 135.242398)"
Kaw_37,"(35.301684, 139.635494)"
Kyo_75,"(34.862727, 136.088478)"
Yok_88,"(35.615135, 139.560834)"
Kob_16,"(34.433605, 135.572707)"
Kyo_04,"(34.985480, 135.851864)"
Kob_03,"(35.194851, 134.780904)"
Sap_32,"(43.406124, 141.565181)"
Sap_29,"(42.809778, 141.333335)"
Osa_40,"(34.714624, 135.173605)"
Sap_76,"(43.160056, 141.848699)"
Sai_60,"(35.710456, 139.964365)"
Nag_07,"(34.939274, 136.540198)"
Kob_50,"(34.432287, 135.458000)"
Kob_10,"(34.978619, 135.649622)"
Kyo_40,"(35.415346, 136.222028)"
Yok_86,"(35.138033, 140.025045)"
Nag_72,"(35.519550, 136.904001)"
Osa_22,"(35.135137, 135.910816)"
Kyo_53,"(35.203683, 136.255151)"
Osa_17,"(34.328197, 135.292683)"
Fuk_76,"(34.079526, 130.291541)"
Sap_54,"(43.329879, 141.115862)"
Yok_22,"(35.278358, 139.569900)"
Osa_79,"(34.389432, 135.168724)"
Sai_55,"(35.920249, 139.797187)"
Kaw_24,"(35.747009, 139.994582)"
Sap_78,"(42.684448, 141.758430)"
Tok_87,"(35.723747, 139.760780)"
Fuk_58,"(33.508611, 130.645598)"
Tok_38,"(35.507794, 139.833619)"
Yok_84,"(35.543395, 140.258521)"
Sai_46,"(35.769606, 139.901342)"
Sai_13,"(35.654392, 139.821210)"
Sai_22,"(36.051508, 140.100064)"
Fuk_74,"(33.168705, 129.937388)"
Yok_91,"(35.897320, 140.084507)"
Kyo_57,"(35.378500, 135.551412)"
Sap_14,"(42.910094, 141.711878)"
Nag_27,"(35.022467, 137.122398)"
Nag_12,"(34.782144, 137.127592)"
Nag_96,"(34.748698, 136.952357)"
Tok_67,"(35.716239, 139.384335)"
Kyo_13,"(34.967384, 135.675235)"
Kaw_99,"(35.376128, 139.642288)"
Yok_11,"(35.839102, 139.309371)"
Kaw_33,"(35.727338, 140.040721)"
Nag_81,"(35.271764, 136.439374)"
Osa_20,"(35.042140, 135.265536)"
Sai_15,"(35.739876, 139.588464)"
Tok_50,"(35.656398, 140.020084)"
Fuk_10,"(33.188266, 130.596488)"
Osa_04,"(34.995131, 135.729314)"
Yok_04,"(35.550029, 139.892321)"
Kob_87,"(34.864132, 135.431134)"
Kob_23,"(34.683543, 135.293743)"
Nag_29,"(35.384738, 136.916463)"
Tok_74,"(35.966712, 140.092650)"
Osa_86,"(34.631799, 135.922848)"
Kyo_24,"(35.450384, 135.303759)"
Kob_85,"(34.242456, 135.201160)"
Tok_03,"(36.218432, 140.182057)"
Nag_94,"(35.650432, 136.793388)"
Tok_56,"(35.341467, 139.472475)"
Sai_82,"(35.676792, 140.049399)"
Sap_65,"(43.520611, 141.532815)"
Tok_85,"(35.898517, 140.214027)"
Kaw_48,"(35.300523, 139.775510)"
Osa_84,"(34.513254, 135.906669)"
Yok_73,"(35.902166, 139.995910)"
Kaw_91,"(35.644113, 139.642139)"
Kaw_75,"(36.039772, 139.563134)"
Kaw_82,"(35.770505, 139.692641)"
Sap_87,"(42.830827, 141.192785)"
Tok_18,"(35.553578, 139.730775)"
Sai_35,"(35.948628, 139.915418)"
Sap_27,"(43.156246, 141.175591)"
Nag_70,"(35.179550, 136.480412)"
Tok_94,"(35.347610, 140.172107)"
Yok_46,"(34.986750, 139.502426)"
Sai_84,"(35.500699, 139.707953)"
Nag_52,"(35.152172, 137.314563)"
Kyo_73,"(34.596446, 135.525858)"
Tok_01,"(35.531688, 139.494371)"
Fuk_52,"(33.235603, 130.272902)"
Tok_98,"(35.678826, 139.264473)"
Yok_57,"(35.676613, 139.969644)"
Fuk_83,"(33.982796, 130.006020)"
Sap_63,"(43.065011, 141.796557)"
Tok_23,"(35.948411, 139.946207)"
Nag_14,"(35.337100, 137.405733)"
Fuk_07,"(33.753933, 130.433232)"
Sai_80,"(35.605375, 139.292442)"
Nag_03,"(35.149247, 136.705528)"
Osa_71,"(34.355889, 135.916742)"
Yok_53,"(35.699957, 140.152468)"
Sai_00,"(35.442407, 139.267849)"
Kob_56,"(34.655447, 135.582774)"
Fuk_14,"(33.568588, 130.363835)"
Osa_08,"(34.531352, 135.063785)"
Sap_25,"(42.866535, 141.310840)"
Sai_02,"(35.565967, 139.529286)"
Sap_96,"(43.521587, 141.309757)"
Kob_29,"(35.023022, 134.801384)"
Nag_49,"(35.057348, 136.829895)"
Osa_77,"(34.422099, 135.979778)"
Nag_50,"(34.795823, 136.918260)"
Fuk_56,"(34.095117, 130.726455)"
Osa_57,"(34.568600, 135.851174)"
Osa_91,"(34.520213, 135.805611)"
Fuk_23,"(33.808532, 130.785784)"
Yok_79,"(35.795125, 140.111657)"
Sap_34,"(43.620070, 141.459985)"
Kyo_55,"(34.619002, 135.331994)"
Kaw_19,"(35.345720, 139.545940)"
Nag_09,"(35.529815, 136.718317)"
Kob_54,"(34.404142, 135.174835)"
Kaw_31,"(36.025613, 139.583778)"
Fuk_32,"(33.925970, 129.937093)"
Kaw_13,"(35.965115, 139.581306)"
Sap_05,"(43.483796, 141.212570)"
Kaw_88,"(35.757484, 139.846057)"
Kaw_26,"(36.006244, 139.789028)"
Yok_19,"(35.960027, 139.896460)"
Sap_45,"(43.592375, 141.432986)"
Kob_94,"(34.335593, 135.495193)"
Sap_30,"(43.371223, 141.850633)"
Kob_81,"(34.416179, 135.304584)"
Osa_46,"(34.569635, 135.353384)"
Kaw_64,"(35.080824, 140.072092)"
Nag_30,"(34.910543, 137.089926)"
Sai_73,"(35.373930, 139.265984)"
Nag_92,"(35.517145, 137.164034)"
Yok_00,"(35.945148, 139.410266)"
Yok_40,"(35.758527, 139.619759)"
Kaw_00,"(35.369274, 139.533994)"
Kob_38,"(34.853898, 135.023526)"
Yok_77,"(35.229111, 139.436496)"
Fuk_05,"(33.839944, 130.699143)"
Kaw_86,"(35.862326, 140.049981)"
Kyo_02,"(35.496011, 135.977120)"
Kyo_42,"(35.297239, 135.830740)"
Yok_31,"(35.143991, 139.789134)"
Nag_54,"(34.888831, 137.349711)"
Yok_60,"(35.776108, 139.561296)"
Yok_39,"(34.981759, 140.042210)"
Sap_74,"(43.558986, 140.977395)"
Fuk_34,"(33.652016, 130.099122)"
Sai_39,"(36.082518, 139.761314)"
Kyo_71,"(34.944911, 136.110929)"
Yok_13,"(35.126935, 139.417887)"
Kyo_08,"(35.048768, 136.227173)"
Sap_43,"(42.710118, 141.552397)"
Yok_15,"(35.546598, 140.012841)"
Kob_05,"(34.996594, 134.711238)"
Kob_49,"(34.421190, 135.591538)"
Tok_12,"(35.578838, 139.703087)"
Kyo_19,"(35.536629, 135.847933)"
Sai_99,"(35.419670, 139.882295)"
Tok_43,"(35.522453, 139.844429)"
Fuk_25,"(33.223360, 130.831400)"
Yok_95,"(35.896279, 139.730253)"
Fuk_12,"(34.118249, 130.264637)"
Sap_72,"(43.313354, 141.510696)"
Fuk_36,"(33.527933, 130.615931)"
Osa_06,"(34.725087, 135.109622)"
Kob_12,"(34.972873, 135.078623)"
Sai_95,"(35.798440, 139.609801)"
Sap_18,"(42.851500, 141.123559)"
Yok_42,"(35.685628, 139.339769)"
Kaw_68,"(35.756687, 139.378849)"
Sap_69,"(43.314734, 141.316255)"
Tok_65,"(35.824933, 139.717594)"
Kyo_82,"(34.637857, 135.644373)"
Osa_13,"(34.225319, 135.781030)"
Kaw_51,"(35.414710, 139.850549)"
Osa_88,"(35.131316, 135.781947)"
Yok_64,"(34.976567, 140.163289)"
Kyo_84,"(34.857279, 136.015983)"
Sap_81,"(43.304891, 141.020886)"
Osa_11,"(35.143145, 135.695531)"
Fuk_45,"(33.149636, 130.704042)"
Nag_65,"(35.341350, 137.287343)"
Tok_34,"(35.284075, 139.638033)"
Kob_96,"(34.919825, 134.710811)"
Osa_19,"(34.675592, 135.786495)"
Osa_97,"(34.224925, 135.850005)"
Kaw_83,"(35.381779, 139.426221)"
Nag_15,"(35.601424, 137.201235)"
Kob_42,"(34.950556, 135.221934)"
Sap_26,"(43.666700, 141.361422)"
Yok_36,"(35.848760, 139.425115)"
Tok_39,"(35.674891, 139.685261)"
Kyo_14,"(35.046557, 136.132208)"
Sai_98,"(36.134822, 139.709582)"
Yok_10,"(35.591009, 140.200000)"
Osa_38,"(34.696417, 135.543378)"
Kaw_50,"(35.192130, 140.096707)"
Yok_38,"(34.989583, 139.802106)"
Fuk_42,"(33.521733, 130.170308)"
Sai_63,"(36.192208, 139.818517)"
Fuk_66,"(34.071548, 130.406377)"
Kyo_45,"(34.878738, 135.804114)"
Nag_02,"(35.047779, 137.170050)"
Kaw_87,"(35.707822, 140.119184)"
Sai_12,"(36.089214, 139.233613)"
Sap_75,"(42.697517, 141.557766)"
Kyo_25,"(35.459666, 135.778104)"
Nag_55,"(35.529512, 136.513193)"
Tok_13,"(36.065506, 140.161324)"
Nag_22,"(35.637045, 137.218564)"
Kyo_87,"(35.514583, 136.158610)"
Osa_03,"(34.709559, 135.291875)"
Sap_04,"(43.004118, 141.254084)"
Sai_78,"(36.026210, 139.518298)"
Kaw_09,"(35.084426, 139.823820)"
Yok_07,"(35.394017, 140.129452)"
Osa_29,"(34.604169, 135.247388)"
Tok_82,"(35.665995, 139.812196)"
Fuk_06,"(33.376016, 130.728790)"
Sai_89,"(36.309963, 139.517851)"
Kyo_63,"(35.026660, 135.724852)"
Kyo_47,"(35.270212, 135.757917)"
Kyo_85,"(35.144230, 135.660650)"
Kob_13,"(34.914570, 135.081307)"
Kaw_01,"(36.036541, 139.676787)"
Yok_23,"(35.195348, 139.503797)"
Fuk_60,"(33.265908, 130.246998)"
Sai_69,"(36.206922, 139.865244)"
Kaw_58,"(35.852897, 139.277101)"
Osa_21,"(34.882511, 135.534457)"
Fuk_04,"(33.475444, 130.733217)"
Sai_45,"(36.024267, 139.437182)"
Osa_50,"(35.177970, 135.696419)"
Nag_95,"(35.498465, 136.628619)"
Tok_51,"(35.519996, 139.301701)"
Kyo_58,"(35.162824, 135.747357)"
Sap_71,"(43.415043, 141.050056)"
Tok_26,"(35.788848, 139.248511)"
Nag_80,"(35.051446, 137.066834)"
Sai_47,"(35.570807, 139.335827)"
Tok_40,"(36.034677, 139.317308)"
Yok_98,"(35.283697, 139.500852)"
Sap_88,"(43.269485, 141.056996)"
Nag_06,"(34.897133, 137.407115)"
Kyo_34,"(35.180819, 135.723564)"
Kob_79,"(34.302253, 135.356625)"
Kob_33,"(34.214521, 135.259547)"
Kaw_25,"(36.047841, 139.513231)"
Sai_18,"(35.607477, 139.818088)"
Tok_93,"(35.870919, 139.732363)"
Nag_11,"(34.733760, 136.921848)"
Fuk_33,"(34.139036, 130.599816)"
Nag_53,"(34.775746, 136.901615)"
Osa_47,"(34.266090, 135.033385)"
Osa_85,"(34.812894, 135.414973)"
Kob_51,"(34.828477, 135.076066)"
Osa_76,"(34.721786, 135.160255)"
Sap_33,"(43.494342, 141.011376)"
Fuk_51,"(33.636006, 130.262148)"
Tok_99,"(36.026213, 139.626125)"
Kaw_94,"(35.204763, 140.048508)"
Osa_01,"(34.558112, 135.506292)"
Tok_57,"(36.045886, 140.052867)"
Tok_15,"(36.101681, 140.056866)"
Kaw_89,"(35.186798, 140.106211)"
Yok_76,"(35.609809, 140.234825)"
Yok_81,"(35.957009, 140.230276)"
Kyo_09,"(35.189668, 136.173985)"
Tok_17,"(35.287903, 139.245925)"
Kyo_61,"(34.920455, 136.228297)"
Kaw_07,"(35.592909, 139.594384)"
Fuk_17,"(34.056857, 130.471526)"
Osa_07,"(34.278301, 135.108498)"
Sap_93,"(42.876319, 141.221202)"
Fuk_95,"(33.173508, 130.623753)"
Fuk_62,"(34.085672, 130.220622)"
Fuk_24,"(33.280711, 129.884722)"
Sap_42,"(43.559611, 141.170204)"
Sai_05,"(35.937530, 139.171022)"
Fuk_79,"(33.272575, 130.630441)"
Tok_77,"(35.263598, 139.603330)"
Sap_19,"(43.647236, 141.136508)"
Tok_35,"(35.797355, 139.291690)"
Kyo_03,"(35.062947, 135.541862)"
Fuk_91,"(33.190041, 130.419543)"
Sap_95,"(42.895763, 141.792733)"
Kyo_94,"(35.529810, 135.856236)"
Kyo_01,"(35.286933, 135.911014)"
Osa_58,"(34.305337, 135.880762)"
Osa_32,"(34.668892, 135.449953)"
Kyo_12,"(34.934291, 135.420881)"
Kaw_47,"(35.150357, 139.259721)"
Yok_16,"(35.625407, 139.433628)"
Sai_21,"(35.413848, 139.755205)"
Kob_57,"(34.659382, 135.200207)"
Osa_69,"(34.924419, 135.557342)"
Kaw_56,"(35.901024, 139.787712)"
Tok_55,"(35.511266, 139.531967)"
Osa_25,"(34.948303, 135.382601)"
Kob_77,"(34.445138, 134.746272)"
Nag_60,"(35.582384, 136.969214)"
Nag_00,"(34.842833, 136.615263)"
Yok_72,"(35.000249, 139.563467)"
Osa_09,"(34.666083, 135.032276)"
Fuk_75,"(33.486773, 130.711347)"
Tok_24,"(35.761910, 140.039617)"
Sap_24,"(42.710469, 141.662447)"
Nag_37,"(34.957894, 137.152784)"
Yok_34,"(35.092669, 139.666230)"
Yok_01,"(35.120026, 139.761451)"
Tok_64,"(35.485010, 139.469937)"
Sap_48,"(42.793383, 141.782162)"
Tok_66,"(35.319466, 140.198313)"
Osa_05,"(34.744897, 135.179797)"
Sai_10,"(35.452215, 139.403469)"
Osa_78,"(34.380925, 135.499432)"
Kyo_78,"(34.566456, 135.942510)"
Sap_55,"(43.178242, 141.208923)"
Fuk_39,"(33.653576, 130.568147)"
Kob_40,"(34.937698, 135.457234)"
Sai_30,"(35.537382, 139.420738)"
Sai_09,"(36.018844, 139.801813)"
Tok_04,"(35.773585, 139.668273)"
Nag_51,"(35.215828, 137.185376)"
Osa_90,"(34.857031, 135.286878)"
Kaw_69,"(35.862906, 139.282631)"
Tok_95,"(35.735157, 140.155352)"
Kaw_85,"(35.061780, 139.748126)"
Kob_73,"(34.205615, 135.369915)"
Yok_27,"(35.411712, 139.861481)"
Kyo_56,"(34.952519, 135.687131)"
Osa_54,"(34.998736, 135.092986)"
Nag_84,"(35.080121, 136.741860)"
Nag_31,"(35.142567, 136.604631)"
Osa_27,"(34.561790, 135.310262)"
Kyo_18,"(35.259591, 135.595183)"
Kob_68,"(34.742246, 134.778627)"
Yok_56,"(35.586343, 140.234297)"
Sai_29,"(35.898607, 140.100629)"
Sap_28,"(43.497132, 141.334209)"
Nag_66,"(35.551509, 137.298125)"
Sai_52,"(36.138629, 139.346097)"
Kaw_14,"(35.514214, 139.296440)"
Kyo_32,"(34.688567, 136.109392)"
Kob_04,"(34.450586, 134.736076)"
Sai_83,"(35.390610, 139.805639)"
Kob_60,"(35.122293, 135.226455)"
Osa_74,"(34.667007, 135.046590)"
Osa_96,"(34.267148, 135.549737)"
Sai_27,"(35.853332, 139.864849)"
Kob_39,"(34.224594, 135.550456)"
Kyo_74,"(35.085593, 135.422681)"
Kyo_76,"(34.619833, 135.520802)"
Fuk_44,"(33.154136, 130.079306)"
Sai_41,"(36.114785, 139.167154)"
Kaw_34,"(35.603863, 140.009025)"
Nag_20,"(34.779977, 136.672438)"
Sap_11,"(43.302265, 141.430126)"
Sap_82,"(43.030879, 140.889523)"
Yok_49,"(35.733848, 139.283979)"
Tok_44,"(36.194835, 139.844129)"
Osa_36,"(35.031150, 135.883092)"
Kyo_30,"(34.810244, 136.001020)"
Osa_14,"(34.751710, 135.192708)"
Fuk_59,"(33.967176, 130.281002)"
Kyo_07,"(34.954077, 136.117971)"
Fuk_53,"(33.789015, 130.098035)"
Sai_54,"(35.530038, 139.666047)"
Kaw_03,"(35.878170, 140.028286)"
Nag_19,"(35.123414, 136.480104)"
Yok_70,"(35.363129, 140.040377)"
Tok_84,"(35.890833, 139.733670)"
Tok_71,"(36.075599, 140.141753)"
Osa_61,"(34.232793, 135.906451)"
Kob_48,"(34.699796, 134.747879)"
Tok_42,"(35.368411, 139.409221)"
Kaw_70,"(35.576708, 139.696677)"
Kob_26,"(34.908620, 135.449383)"
Nag_82,"(34.858133, 137.061724)"
Yok_12,"(35.583170, 139.985440)"
Yok_14,"(35.885097, 139.357981)"
Kyo_65,"(35.441208, 136.177109)"
Kyo_92,"(35.334765, 135.462554)"
Kaw_74,"(35.838470, 139.544299)"
Kaw_43,"(35.751114, 139.734861)"
Yok_78,"(35.807545, 139.860799)"
Sap_57,"(43.477418, 141.550054)"
Fuk_26,"(34.131900, 129.953564)"
Yok_74,"(35.738694, 139.652193)"
Sap_00,"(43.144283, 141.752447)"
Sap_37,"(42.783831, 141.131302)"
Sai_50,"(36.292248, 139.564400)"
Tok_28,"(35.756356, 139.735773)"
Kob_20,"(34.365488, 134.834276)"
Sap_46,"(43.262159, 141.349888)"
Sai_76,"(36.201447, 139.225145)"
Kob_71,"(34.228029, 135.553496)"
Sai_67,"(36.076090, 139.692274)"
Kob_28,"(34.236875, 135.308273)"
Sap_20,"(42.900347, 141.684174)"
Kaw_32,"(35.760689, 139.623912)"
Kaw_41,"(36.007784, 139.471502)"
Osa_10,"(34.974585, 135.287933)"
Fuk_08,"(33.983667, 130.328946)"
Kaw_72,"(35.839877, 139.989002)"
Nag_79,"(34.834474, 136.748623)"
Osa_45,"(35.181668, 135.359752)"
Sap_53,"(42.984998, 141.097965)"
Kyo_10,"(34.602769, 135.368346)"
Sai_07,"(36.366814, 139.614930)"
Nag_17,"(34.716068, 136.913481)"
Kyo_83,"(35.452492, 135.888787)"
Kaw_21,"(35.145829, 139.439749)"
Kyo_67,"(35.016790, 135.991708)"
Sap_15,"(43.510173, 141.387758)"
Kob_91,"(34.705281, 134.769998)"
Yok_30,"(35.397775, 139.387987)"
Kyo_36,"(35.232208, 135.438362)"
Kyo_54,"(34.908122, 136.106089)"
Sai_32,"(35.478238, 139.565470)"
Nag_44,"(35.453708, 137.230059)"
Osa_83,"(35.173417, 135.929509)"
Kaw_63,"(35.542054, 139.224285)"
Osa_43,"(34.227202, 135.309623)"
Kob_88,"(34.631136, 135.496343)"
Sap_99,"(43.456733, 140.915202)"
Sai_23,"(36.074784, 139.807099)"
Kaw_67,"(35.802075, 139.677818)"
Osa_87,"(35.064608, 135.401148)"
Fuk_28,"(33.675838, 130.662344)"
Kob_06,"(34.700313, 135.493374)"
Yok_90,"(35.134652, 139.840640)"
Kob_53,"(34.713182, 135.300213)"
Yok_25,"(35.682414, 139.738771)"
Sai_36,"(35.662977, 140.049485)"
Kob_37,"(34.285483, 135.184378)"
Sap_60,"(43.647118, 140.956980)"
Yok_85,"(35.494120, 139.424249)"
Nag_88,"(35.643295, 137.290020)"
Sai_34,"(36.043725, 139.830479)"
Nag_08,"(35.474889, 136.774702)"
Kaw_12,"(35.079762, 140.166901)"
Yok_54,"(35.226385, 140.231840)"
Yok_21,"(35.909727, 139.823292)"
Fuk_37,"(34.058275, 130.345096)"
Fuk_86,"(33.621984, 129.900573)"
Tok_75,"(35.725408, 140.204933)"
Nag_68,"(35.292907, 136.952624)"
Kaw_65,"(35.759178, 139.644162)"
Sai_49,"(35.696121, 139.273245)"
Tok_19,"(35.742852, 139.576403)"
Kob_82,"(34.848294, 135.278163)"
Kyo_96,"(34.674030, 136.166104)"
Tok_53,"(36.195601, 140.042288)"
Sai_87,"(36.053159, 139.848115)"
Sap_44,"(43.613325, 141.432546)"
Fuk_99,"(33.897374, 130.010574)"
Nag_40,"(35.030637, 137.176386)"
Fuk_40,"(33.968062, 130.046549)"
Sai_58,"(35.722808, 139.603381)"
Nag_33,"(35.278825, 136.867688)"
Nag_13,"(35.158647, 137.405152)"
Tok_06,"(35.727481, 139.975707)"
Nag_35,"(35.011733, 136.513916)"
Kyo_52,"(34.604775, 135.979684)"
Kaw_98,"(35.970967, 139.733545)"
Nag_97,"(34.781344, 136.611653)"
Tok_97,"(35.405558, 139.774072)"
Sap_08,"(42.727620, 141.199898)"
Yok_50,"(35.717131, 139.305907)"
Yok_29,"(35.491852, 139.985796)"
Kob_93,"(34.629184, 135.434612)"
Kyo_81,"(35.284652, 135.394068)"
Osa_12,"(34.400684, 135.090394)"
Tok_33,"(35.367445, 139.789281)"
Tok_48,"(36.065839, 139.617196)"
Kob_11,"(34.345096, 134.992952)"
Yok_58,"(35.152950, 139.679684)"
Kaw_61,"(36.051387, 140.117829)"
Yok_69,"(35.728306, 140.105412)"
Yok_52,"(35.137630, 139.279655)"
Sai_70,"(35.991337, 139.578615)"
Kaw_54,"(35.748673, 140.084551)"
Tok_20,"(35.842908, 139.865551)"
Sai_03,"(36.079049, 139.397775)"
Kob_66,"(35.090971, 134.840331)"
Kaw_36,"(35.797371, 139.333041)"
Kob_97,"(34.415094, 134.705927)"
Osa_72,"(34.542883, 135.132626)"
Fuk_57,"(33.415440, 130.791280)"
Yok_92,"(35.067855, 139.830689)"
Osa_30,"(34.442855, 135.106318)"
Yok_32,"(35.453668, 139.807824)"
Kaw_96,"(35.374497, 140.194431)"
Yok_89,"(35.858394, 139.601035)"
Fuk_20,"(34.082057, 129.984283)"
Tok_91,"(35.247979, 139.265639)"
Nag_59,"(35.083529, 136.698026)"
Fuk_35,"(33.459112, 130.804474)"
Yok_61,"(35.586074, 139.516725)"
Fuk_68,"(33.264889, 129.967242)"
Kob_62,"(34.606469, 134.933400)"
Yok_67,"(35.530733, 139.546245)"
Kyo_50,"(35.436208, 135.711076)"
Sap_97,"(43.673523, 141.875712)"
Tok_46,"(36.013815, 139.619630)"
Tok_08,"(35.783198, 139.973493)"
Sap_35,"(43.078260, 141.230719)"
Osa_18,"(34.267911, 135.757072)"
Kob_84,"(34.456871, 134.789300)"
Osa_16,"(35.133982, 135.375752)"
Fuk_80,"(34.014305, 130.486499)"
Nag_91,"(35.175919, 136.507970)"
Yok_03,"(35.807155, 139.695867)"
Fuk_02,"(33.987009, 130.756645)"
Kaw_30,"(35.221787, 139.876159)"
Tok_80,"(35.948442, 139.786876)"
Tok_68,"(35.868669, 140.185336)"
Fuk_11,"(33.880566, 129.933109)"
Osa_70,"(34.210909, 135.012638)"
Fuk_48,"(33.607779, 129.880624)"
Fuk_15,"(33.581038, 130.550257)"
Yok_94,"(35.597245, 139.314464)"
Kaw_23,"(35.563769, 139.425629)"
Yok_96,"(35.582888, 140.217591)"
Kyo_27,"(35.021411, 135.979929)"
Yok_47,"(35.222165, 140.182294)"
Kyo_41,"(34.974495, 135.533744)"
Yok_87,"(35.653823, 139.482810)"
Nag_57,"(35.541025, 136.802452)"
Sap_77,"(43.533616, 141.270094)"
Kyo_90,"(35.149649, 135.295277)"
Kaw_10,"(35.570133, 139.390267)"
Sap_80,"(43.108729, 140.995706)"
Osa_56,"(34.665744, 135.702285)"
Nag_39,"(35.292911, 137.374856)"
Kob_46,"(34.472969, 135.378493)"
Fuk_73,"(33.302436, 130.638363)"
Tok_00,"(35.595226, 139.875821)"
Nag_24,"(35.044506, 136.964593)"
Fuk_19,"(33.285149, 130.366959)"
Sap_64,"(43.381609, 141.004609)"
Osa_67,"(35.048810, 135.167500)"
Sai_96,"(36.327610, 139.618532)"
Kyo_16,"(34.819723, 135.656724)"
Nag_77,"(35.031952, 136.816065)"
Osa_98,"(34.505719, 135.164729)"
Sai_25,"(35.870798, 139.243933)"
Sap_79,"(42.809448, 141.127109)"
Osa_41,"(34.461878, 135.608971)"
Kob_80,"(34.712355, 135.051214)"
Yok_83,"(35.012189, 140.228000)"
Kyo_72,"(35.165750, 135.297078)"
Osa_92,"(34.575244, 135.767709)"
Yok_05,"(35.039276, 139.577027)"
Yok_45,"(35.484103, 140.174523)"
Sap_86,"(43.561131, 141.306569)"
Sap_22,"(42.996341, 141.085763)"
Sap_73,"(43.387692, 141.166714)"
Tok_37,"(36.072049, 139.904889)"
Sap_62,"(43.093921, 141.622487)"
Kaw_05,"(35.530369, 139.980365)"
Kob_17,"(35.183678, 135.633787)"
Sai_90,"(36.321453, 139.415070)"
Nag_99,"(35.360146, 137.362088)"
Kyo_69,"(34.998305, 135.780129)"
Sap_91,"(42.745078, 141.601698)"
Nag_42,"(34.759905, 137.079151)"
Yok_63,"(35.623846, 139.938650)"
Sai_72,"(35.796479, 140.014606)"
Yok_18,"(35.874815, 140.126504)"
Tok_60,"(36.002359, 139.698098)"
Kyo_89,"(34.628197, 135.969260)"
Sap_59,"(43.326105, 141.373706)"
Fuk_93,"(34.088840, 130.229379)"
Nag_26,"(34.951399, 137.144885)"
Kyo_49,"(35.246572, 135.876359)"
Kob_44,"(35.149061, 135.467416)"
Kob_02,"(34.329958, 135.591077)"
Kaw_49,"(35.330717, 139.746062)"
Kyo_43,"(34.871259, 135.736113)"
Sai_65,"(35.905828, 139.222976)"
Kob_75,"(34.787539, 134.863646)"
Sap_31,"(43.060461, 141.303870)"
Tok_11,"(35.382001, 139.592335)"
Fuk_00,"(33.601251, 129.915402)"
Kaw_18,"(35.098221, 139.487304)"
Kob_31,"(34.930947, 135.040580)"
Kob_35,"(34.890900, 135.456111)"
Fuk_31,"(33.202257, 130.310268)"
Kob_95,"(34.353977, 135.522436)"
Osa_52,"(34.416388, 135.431406)"
Kaw_16,"(35.398487, 139.764226)"
Kyo_21,"(35.483715, 136.015188)"
Fuk_46,"(33.375315, 130.227768)"
Sai_56,"(36.318779, 139.893852)"
Kaw_92,"(35.353704, 139.529050)"
Kyo_05,"(35.155294, 135.927328)"
Kob_08,"(34.707118, 135.506597)"
Sap_39,"(43.628328, 141.498196)"
Nag_62,"(35.442131, 137.122840)"
Osa_49,"(34.338421, 135.938388)"
Kob_86,"(34.917763, 135.585589)"
Kyo_98,"(34.972683, 135.424039)"
Kob_00,"(35.058949, 134.728316)"
Kob_55,"(34.728582, 135.662702)"
Sai_74,"(35.632038, 139.855388)"
Tok_02,"(35.548780, 139.552623)"
Sai_38,"(35.428004, 139.741426)"
Sai_81,"(35.831152, 139.901931)"
Tok_31,"(35.834483, 139.757648)"
Fuk_55,"(33.462495, 130.727146)"
Kob_99,"(34.383989, 135.358958)"
Nag_75,"(35.386732, 136.911760)"
Kob_24,"(34.908269, 135.585444)"
Kaw_90,"(35.757684, 139.336081)"
Yok_65,"(35.190171, 139.954483)"
Nag_93,"(35.097872, 136.780893)"
Sai_01,"(36.071119, 139.606511)"
Nag_86,"(35.342175, 136.473948)"
Fuk_71,"(33.310861, 130.753876)"
Sap_02,"(42.778142, 141.180062)"
Sap_51,"(43.294507, 141.258205)"
Nag_04,"(35.681777, 136.671145)"
Kaw_27,"(35.805127, 139.259285)"
Sap_17,"(43.285380, 141.674325)"
Yok_43,"(35.705219, 139.497736)"
Yok_41,"(35.951686, 140.163713)"
Sai_85,"(35.646452, 139.713336)"
Fuk_13,"(33.301207, 130.028449)"
Kob_22,"(34.475788, 135.229641)"
Sap_68,"(43.156587, 141.827435)"
Nag_73,"(34.827352, 136.846236)"
Kyo_70,"(34.902462, 135.859138)"
Kob_64,"(34.529600, 135.556800)"
Kyo_23,"(35.275748, 135.712909)"
Osa_81,"(34.653491, 135.622263)"
Nag_48,"(35.252884, 136.438611)"
Kaw_81,"(35.078887, 139.295793)"
Kaw_45,"(35.799096, 139.947243)"
Tok_73,"(35.643414, 139.769135)"
Kob_15,"(34.205890, 135.293856)"
Tok_88,"(35.449456, 139.995889)"
Sai_43,"(35.491417, 139.367457)"
Kaw_52,"(35.815184, 139.814528)"
Kyo_38,"(34.617285, 135.718588)"
Nag_71,"(34.865238, 136.782885)"
Osa_63,"(34.780721, 135.430108)"
Sap_06,"(43.543117, 141.215313)"
Tok_22,"(35.594109, 140.213025)"
Osa_65,"(34.706511, 135.675836)"
Tok_62,"(35.344388, 139.512848)"
Kaw_29,"(35.287748, 139.336552)"
Yok_09,"(35.006737, 139.984340)"
Nag_64,"(35.624342, 136.484007)"
Nag_28,"(35.678489, 136.693308)"
Kaw_78,"(35.424718, 139.261146)"
Kob_59,"(34.897090, 134.808207)"
Sap_66,"(43.005682, 141.144442)"
Tok_59,"(35.602482, 139.842137)"
Sai_92,"(36.167177, 139.855021)"
Kyo_29,"(34.792412, 136.240059)"
Osa_34,"(34.348063, 135.806290)"
Sap_13,"(42.699121, 141.048429)"
Kob_19,"(34.354034, 134.824098)"
Osa_89,"(34.760470, 135.000883)"
Sap_40,"(43.172049, 140.999061)"
Sai_94,"(36.361856, 139.224723)"
Fuk_88,"(34.072754, 130.027612)"
Fuk_64,"(33.711308, 129.912036)"
Fuk_77,"(34.089126, 130.521730)"
Sap_84,"(43.147555, 141.611964)"
Fuk_97,"(33.455825, 130.783837)"
Kaw_76,"(35.340973, 139.523486)"
Osa_94,"(35.028637, 135.005414)"
Kaw_38,"(35.081367, 139.745958)"
Fuk_22,"(33.299257, 129.891582)"
Sai_14,"(36.002251, 139.612496)"
Tok_79,"(35.540278, 139.242255)"
Nag_46,"(35.296537, 136.794668)"
Fuk_84,"(33.371464, 130.082787)"
Sai_61,"(35.537090, 139.354732)"
Osa_23,"(34.436026, 135.457260)"
Fuk_82,"(33.342724, 130.711568)"
Sai_16,"(36.319451, 140.133969)"
Tok_86,"(35.239215, 139.926382)"
